{"cameraMode":{"drawMode":0,"name":"Shaded","section":"Shading Mode"},"sceneLighting":true,"audioPlay":false,"sceneViewState":{"showFog":true,"showMaterialUpdate":false,"showSkybox":true,"showFlares":true,"showImageEffects":true,"showParticleSystems":true,"showVisualEffectGraphs":true},"in2DMode":false,"pivot":{"x":-3.7958927154541017,"y":14.187789916992188,"z":33.743927001953128},"rotation":{"x":0.09298965334892273,"y":-0.06269007921218872,"z":0.005867523141205311,"w":0.9936805963516235},"size":85.47138977050781,"orthographic":false}